x-axis,1,2,3
second,Volt,Volt,Volt
-19.5000E-06,+112.4999523E-03,-75.0000477E-03,+112.5001907E-03
-19.3000E-06,-12.5000477E-03,-75.0000477E-03,+112.5001907E-03
-19.1000E-06,-43.7500477E-03,-106.2500477E-03,+143.7501907E-03
-18.9000E-06,-12.5000477E-03,-106.2500477E-03,+143.7501907E-03
-18.7000E-06,-12.5000477E-03,-106.2500477E-03,+112.5001907E-03
-18.5000E-06,+18.7499523E-03,-75.0000477E-03,+112.5001907E-03
-18.3000E-06,+49.9999523E-03,-43.7500477E-03,+112.5001907E-03
-18.1000E-06,+18.7499523E-03,-75.0000477E-03,+143.7501907E-03
-17.9000E-06,-12.5000477E-03,-43.7500477E-03,+112.5001907E-03
-17.7000E-06,+18.7499523E-03,-12.5000477E-03,+50.0001907E-03
-17.5000E-06,+18.7499523E-03,-12.5000477E-03,+112.5001907E-03
-17.3000E-06,-12.5000477E-03,-43.7500477E-03,+143.7501907E-03
-17.1000E-06,-12.5000477E-03,-43.7500477E-03,+112.5001907E-03
-16.9000E-06,-12.5000477E-03,-43.7500477E-03,+112.5001907E-03
-16.7000E-06,+18.7499523E-03,-75.0000477E-03,+112.5001907E-03
-16.5000E-06,+18.7499523E-03,-106.2500477E-03,+112.5001907E-03
-16.3000E-06,+18.7499523E-03,-106.2500477E-03,+143.7501907E-03
-16.1000E-06,+18.7499523E-03,-106.2500477E-03,+143.7501907E-03
-15.9000E-06,+18.7499523E-03,-106.2500477E-03,+143.7501907E-03
-15.7000E-06,+18.7499523E-03,-43.7500477E-03,+175.0001907E-03
-15.5000E-06,-12.5000477E-03,-43.7500477E-03,+175.0001907E-03
-15.3000E-06,-12.5000477E-03,-43.7500477E-03,+175.0001907E-03
-15.1000E-06,-12.5000477E-03,-43.7500477E-03,+143.7501907E-03
-14.9000E-06,-12.5000477E-03,+1.6437499523E+00,+112.5001907E-03
-14.7000E-06,-12.5000477E-03,+3.3624999523E+00,+112.5001907E-03
-14.5000E-06,-12.5000477E-03,+3.3624999523E+00,+143.7501907E-03
-14.3000E-06,+18.7499523E-03,+3.3624999523E+00,+143.7501907E-03
-14.1000E-06,+18.7499523E-03,+3.3312499523E+00,+112.5001907E-03
-13.9000E-06,-12.5000477E-03,+3.3312499523E+00,+112.5001907E-03
-13.7000E-06,-12.5000477E-03,+3.3624999523E+00,+112.5001907E-03
-13.5000E-06,+18.7499523E-03,+3.3624999523E+00,+143.7501907E-03
-13.3000E-06,+49.9999523E-03,+3.3312499523E+00,+143.7501907E-03
-13.1000E-06,+18.7499523E-03,+3.2999999523E+00,+112.5001907E-03
-12.9000E-06,+18.7499523E-03,+3.3312499523E+00,+112.5001907E-03
-12.7000E-06,+49.9999523E-03,+3.3312499523E+00,+112.5001907E-03
-12.5000E-06,+49.9999523E-03,+3.2999999523E+00,+112.5001907E-03
-12.3000E-06,+18.7499523E-03,+3.3312499523E+00,+143.7501907E-03
-12.1000E-06,+18.7499523E-03,+3.3624999523E+00,+175.0001907E-03
-11.9000E-06,+49.9999523E-03,+3.3312499523E+00,+143.7501907E-03
-11.7000E-06,+49.9999523E-03,+3.2999999523E+00,+112.5001907E-03
-11.5000E-06,+81.2499523E-03,+3.2999999523E+00,+112.5001907E-03
-11.3000E-06,+112.4999523E-03,+3.2999999523E+00,+112.5001907E-03
-11.1000E-06,+49.9999523E-03,+3.2999999523E+00,+112.5001907E-03
-10.9000E-06,+18.7499523E-03,+3.2999999523E+00,+112.5001907E-03
-10.7000E-06,+18.7499523E-03,+3.2999999523E+00,+112.5001907E-03
-10.5000E-06,+18.7499523E-03,+3.3312499523E+00,+112.5001907E-03
-10.3000E-06,+18.7499523E-03,+3.3624999523E+00,+112.5001907E-03
-10.1000E-06,+18.7499523E-03,+3.3624999523E+00,+112.5001907E-03
-9.9000E-06,+18.7499523E-03,+1.6124999523E+00,+112.5001907E-03
-9.7000E-06,-12.5000477E-03,-137.5000477E-03,+112.5001907E-03
-9.5000E-06,-12.5000477E-03,-137.5000477E-03,+112.5001907E-03
-9.3000E-06,+18.7499523E-03,-137.5000477E-03,+112.5001907E-03
-9.1000E-06,+18.7499523E-03,-106.2500477E-03,+143.7501907E-03
-8.9000E-06,+18.7499523E-03,-43.7500477E-03,+143.7501907E-03
-8.7000E-06,+18.7499523E-03,-43.7500477E-03,+112.5001907E-03
-8.5000E-06,-12.5000477E-03,-43.7500477E-03,+112.5001907E-03
-8.3000E-06,+49.9999523E-03,-75.0000477E-03,+112.5001907E-03
-8.1000E-06,+49.9999523E-03,-106.2500477E-03,+112.5001907E-03
-7.9000E-06,+18.7499523E-03,-75.0000477E-03,+112.5001907E-03
-7.7000E-06,+18.7499523E-03,-75.0000477E-03,+112.5001907E-03
-7.5000E-06,+18.7499523E-03,-75.0000477E-03,+112.5001907E-03
-7.3000E-06,+49.9999523E-03,-75.0000477E-03,+143.7501907E-03
-7.1000E-06,+18.7499523E-03,-75.0000477E-03,+143.7501907E-03
-6.9000E-06,+18.7499523E-03,-43.7500477E-03,+112.5001907E-03
-6.7000E-06,+18.7499523E-03,-12.5000477E-03,+112.5001907E-03
-6.5000E-06,-12.5000477E-03,-43.7500477E-03,+112.5001907E-03
-6.3000E-06,+18.7499523E-03,-43.7500477E-03,+112.5001907E-03
-6.1000E-06,-12.5000477E-03,-43.7500477E-03,+112.5001907E-03
-5.9000E-06,-43.7500477E-03,-75.0000477E-03,+112.5001907E-03
-5.7000E-06,+18.7499523E-03,-106.2500477E-03,+112.5001907E-03
-5.5000E-06,+49.9999523E-03,-137.5000477E-03,+143.7501907E-03
-5.3000E-06,+18.7499523E-03,-106.2500477E-03,+143.7501907E-03
-5.1000E-06,+18.7499523E-03,-43.7500477E-03,+112.5001907E-03
-4.9000E-06,+18.7499523E-03,+1.7062499523E+00,+112.5001907E-03
-4.7000E-06,+18.7499523E-03,+3.3937499523E+00,+112.5001907E-03
-4.5000E-06,+18.7499523E-03,+3.3624999523E+00,+112.5001907E-03
-4.3000E-06,+18.7499523E-03,+3.3624999523E+00,+112.5001907E-03
-4.1000E-06,+49.9999523E-03,+3.3624999523E+00,+112.5001907E-03
-3.9000E-06,+18.7499523E-03,+3.3624999523E+00,+112.5001907E-03
-3.7000E-06,+18.7499523E-03,+3.3312499523E+00,+112.5001907E-03
-3.5000E-06,+49.9999523E-03,+3.2999999523E+00,+143.7501907E-03
-3.3000E-06,+18.7499523E-03,+3.3312499523E+00,+175.0001907E-03
-3.1000E-06,-12.5000477E-03,+3.3624999523E+00,+143.7501907E-03
-2.9000E-06,+18.7499523E-03,+3.3624999523E+00,+112.5001907E-03
-2.7000E-06,+18.7499523E-03,+3.3624999523E+00,+112.5001907E-03
-2.5000E-06,-12.5000477E-03,+3.3312499523E+00,+112.5001907E-03
-2.3000E-06,+18.7499523E-03,+3.2999999523E+00,+112.5001907E-03
-2.1000E-06,+18.7499523E-03,+3.3312499523E+00,+112.5001907E-03
-1.9000E-06,-12.5000477E-03,+3.3312499523E+00,+112.5001907E-03
-1.7000E-06,+18.7499523E-03,+3.2999999523E+00,+112.5001907E-03
-1.5000E-06,+49.9999523E-03,+3.2999999523E+00,+112.5001907E-03
-1.3000E-06,+18.7499523E-03,+3.3312499523E+00,+112.5001907E-03
-1.1000E-06,-12.5000477E-03,+3.3624999523E+00,+143.7501907E-03
-900.0E-09,-12.5000477E-03,+3.3312499523E+00,+143.7501907E-03
-700.0E-09,-12.5000477E-03,+3.3312499523E+00,+112.5001907E-03
-500.0E-09,+18.7499523E-03,+3.3624999523E+00,+143.7501907E-03
-300.0E-09,+18.7499523E-03,+3.3312499523E+00,+143.7501907E-03
-100.0E-09,+18.7499523E-03,+3.2999999523E+00,+112.5001907E-03
+100.0E-09,+1.7374999523E+00,+1.5812499523E+00,+112.5001907E-03
+300.0E-09,+3.3937499523E+00,-137.5000477E-03,+143.7501907E-03
+500.0E-09,+3.3624999523E+00,-137.5000477E-03,+143.7501907E-03
+700.0E-09,+3.3624999523E+00,-137.5000477E-03,+112.5001907E-03
+900.0E-09,+3.3624999523E+00,-106.2500477E-03,+112.5001907E-03
+1.1000E-06,+3.3624999523E+00,-75.0000477E-03,+112.5001907E-03
+1.3000E-06,+3.3624999523E+00,-75.0000477E-03,+112.5001907E-03
+1.5000E-06,+3.3624999523E+00,-75.0000477E-03,+112.5001907E-03
+1.7000E-06,+3.3624999523E+00,-106.2500477E-03,+112.5001907E-03
+1.9000E-06,+3.3312499523E+00,-75.0000477E-03,+112.5001907E-03
+2.1000E-06,+3.2999999523E+00,-43.7500477E-03,+112.5001907E-03
+2.3000E-06,+3.2999999523E+00,-75.0000477E-03,+112.5001907E-03
+2.5000E-06,+3.2999999523E+00,-106.2500477E-03,+112.5001907E-03
+2.7000E-06,+3.3312499523E+00,-106.2500477E-03,+112.5001907E-03
+2.9000E-06,+3.3312499523E+00,-106.2500477E-03,+112.5001907E-03
+3.1000E-06,+3.2999999523E+00,-106.2500477E-03,+112.5001907E-03
+3.3000E-06,+3.3312499523E+00,-75.0000477E-03,+112.5001907E-03
+3.5000E-06,+3.3624999523E+00,-75.0000477E-03,+112.5001907E-03
+3.7000E-06,+3.3624999523E+00,-75.0000477E-03,+112.5001907E-03
+3.9000E-06,+3.3624999523E+00,-43.7500477E-03,+112.5001907E-03
+4.1000E-06,+3.3312499523E+00,-75.0000477E-03,+112.5001907E-03
+4.3000E-06,+3.3312499523E+00,-106.2500477E-03,+112.5001907E-03
+4.5000E-06,+3.3312499523E+00,-75.0000477E-03,+112.5001907E-03
+4.7000E-06,+3.2999999523E+00,-43.7500477E-03,+143.7501907E-03
+4.9000E-06,+3.2999999523E+00,-12.5000477E-03,+143.7501907E-03
+5.1000E-06,+3.2999999523E+00,+1.7062499523E+00,+112.5001907E-03
+5.3000E-06,+3.2999999523E+00,+3.3624999523E+00,+112.5001907E-03
+5.5000E-06,+3.2999999523E+00,+3.3312499523E+00,+143.7501907E-03
+5.7000E-06,+3.3312499523E+00,+3.3624999523E+00,+143.7501907E-03
+5.9000E-06,+3.3312499523E+00,+3.3624999523E+00,+112.5001907E-03
+6.1000E-06,+3.2999999523E+00,+3.3624999523E+00,+143.7501907E-03
+6.3000E-06,+3.2999999523E+00,+3.3624999523E+00,+143.7501907E-03
+6.5000E-06,+3.2999999523E+00,+3.3624999523E+00,+112.5001907E-03
+6.7000E-06,+3.3312499523E+00,+3.3312499523E+00,+112.5001907E-03
+6.9000E-06,+3.3312499523E+00,+3.2999999523E+00,+112.5001907E-03
+7.1000E-06,+3.2999999523E+00,+3.2999999523E+00,+143.7501907E-03
+7.3000E-06,+3.3312499523E+00,+3.3312499523E+00,+143.7501907E-03
+7.5000E-06,+3.3312499523E+00,+3.3624999523E+00,+112.5001907E-03
+7.7000E-06,+3.2999999523E+00,+3.3624999523E+00,+112.5001907E-03
+7.9000E-06,+3.2999999523E+00,+3.3312499523E+00,+143.7501907E-03
+8.1000E-06,+3.2999999523E+00,+3.2999999523E+00,+143.7501907E-03
+8.3000E-06,+3.3312499523E+00,+3.2999999523E+00,+112.5001907E-03
+8.5000E-06,+3.3624999523E+00,+3.3312499523E+00,+143.7501907E-03
+8.7000E-06,+3.3312499523E+00,+3.3624999523E+00,+175.0001907E-03
+8.9000E-06,+3.2999999523E+00,+3.3312499523E+00,+175.0001907E-03
+9.1000E-06,+3.2999999523E+00,+3.3312499523E+00,+143.7501907E-03
+9.3000E-06,+3.2999999523E+00,+3.3624999523E+00,+143.7501907E-03
+9.5000E-06,+3.2999999523E+00,+3.3312499523E+00,+143.7501907E-03
+9.7000E-06,+3.2999999523E+00,+3.3312499523E+00,+143.7501907E-03
+9.9000E-06,+3.3312499523E+00,+3.3312499523E+00,+143.7501907E-03
+10.1000E-06,+3.3624999523E+00,+1.5812499523E+00,+1.6437501907E+00
+10.3000E-06,+3.3624999523E+00,-137.5000477E-03,+3.2687501907E+00
+10.5000E-06,+3.3312499523E+00,-137.5000477E-03,+3.3937501907E+00
+10.7000E-06,+3.3312499523E+00,-106.2500477E-03,+3.3937501907E+00
+10.9000E-06,+3.3312499523E+00,-106.2500477E-03,+3.3625001907E+00
+11.1000E-06,+3.2999999523E+00,-75.0000477E-03,+3.3937501907E+00
+11.3000E-06,+3.2999999523E+00,-43.7500477E-03,+3.3937501907E+00
+11.5000E-06,+3.2687499523E+00,-43.7500477E-03,+3.3937501907E+00
+11.7000E-06,+3.2687499523E+00,-43.7500477E-03,+3.3937501907E+00
+11.9000E-06,+3.2999999523E+00,-75.0000477E-03,+3.3312501907E+00
+12.1000E-06,+3.2999999523E+00,-75.0000477E-03,+3.3312501907E+00
+12.3000E-06,+3.2999999523E+00,-75.0000477E-03,+3.3937501907E+00
+12.5000E-06,+3.2999999523E+00,-75.0000477E-03,+3.4250001907E+00
+12.7000E-06,+3.2999999523E+00,-43.7500477E-03,+3.4250001907E+00
+12.9000E-06,+3.3312499523E+00,-43.7500477E-03,+3.4250001907E+00
+13.1000E-06,+3.3312499523E+00,-75.0000477E-03,+3.3937501907E+00
+13.3000E-06,+3.2999999523E+00,-75.0000477E-03,+3.3625001907E+00
+13.5000E-06,+3.2999999523E+00,-75.0000477E-03,+3.3625001907E+00
+13.7000E-06,+3.3312499523E+00,-43.7500477E-03,+3.3625001907E+00
+13.9000E-06,+3.3312499523E+00,-43.7500477E-03,+3.3625001907E+00
+14.1000E-06,+3.2999999523E+00,-75.0000477E-03,+3.3937501907E+00
+14.3000E-06,+3.2999999523E+00,-75.0000477E-03,+3.3937501907E+00
+14.5000E-06,+3.3312499523E+00,-75.0000477E-03,+3.3312501907E+00
+14.7000E-06,+3.3312499523E+00,-75.0000477E-03,+3.3625001907E+00
+14.9000E-06,+3.2999999523E+00,-75.0000477E-03,+3.3937501907E+00
+15.1000E-06,+3.2999999523E+00,+1.6437499523E+00,+3.3625001907E+00
+15.3000E-06,+3.2999999523E+00,+3.3624999523E+00,+3.3625001907E+00
+15.5000E-06,+3.2999999523E+00,+3.3624999523E+00,+3.3625001907E+00
+15.7000E-06,+3.2999999523E+00,+3.3312499523E+00,+3.3625001907E+00
+15.9000E-06,+3.2999999523E+00,+3.3312499523E+00,+3.3937501907E+00
+16.1000E-06,+3.2999999523E+00,+3.3624999523E+00,+3.3937501907E+00
+16.3000E-06,+3.2999999523E+00,+3.3624999523E+00,+3.3937501907E+00
+16.5000E-06,+3.3312499523E+00,+3.3624999523E+00,+3.4250001907E+00
+16.7000E-06,+3.3624999523E+00,+3.3312499523E+00,+3.3937501907E+00
+16.9000E-06,+3.3312499523E+00,+3.3312499523E+00,+3.3625001907E+00
+17.1000E-06,+3.2999999523E+00,+3.3312499523E+00,+3.3625001907E+00
+17.3000E-06,+3.2999999523E+00,+3.3312499523E+00,+3.3625001907E+00
+17.5000E-06,+3.2999999523E+00,+3.3312499523E+00,+3.3625001907E+00
+17.7000E-06,+3.2999999523E+00,+3.3312499523E+00,+3.3937501907E+00
+17.9000E-06,+3.2999999523E+00,+3.3312499523E+00,+3.3937501907E+00
+18.1000E-06,+3.2999999523E+00,+3.2999999523E+00,+3.3625001907E+00
+18.3000E-06,+3.2999999523E+00,+3.3312499523E+00,+3.3625001907E+00
+18.5000E-06,+3.2999999523E+00,+3.3312499523E+00,+3.3625001907E+00
+18.7000E-06,+3.2999999523E+00,+3.3312499523E+00,+3.3625001907E+00
+18.9000E-06,+3.2999999523E+00,+3.3624999523E+00,+3.3625001907E+00
+19.1000E-06,+3.2999999523E+00,+3.3624999523E+00,+3.3625001907E+00
+19.3000E-06,+3.2999999523E+00,+3.3312499523E+00,+3.3937501907E+00
+19.5000E-06,+3.3312499523E+00,+3.2999999523E+00,+3.3937501907E+00
+19.7000E-06,+3.3312499523E+00,+3.2999999523E+00,+3.3625001907E+00
+19.9000E-06,+3.2999999523E+00,+3.2999999523E+00,+3.3625001907E+00
+20.1000E-06,+3.2999999523E+00,+1.5812499523E+00,+3.3312501907E+00
+20.3000E-06,+3.2999999523E+00,-137.5000477E-03,+3.3625001907E+00
+20.5000E-06,+3.2687499523E+00,-137.5000477E-03,+3.4250001907E+00
+20.7000E-06,+3.2687499523E+00,-137.5000477E-03,+3.3937501907E+00
+20.9000E-06,+3.2999999523E+00,-106.2500477E-03,+3.3625001907E+00
+21.1000E-06,+3.2687499523E+00,-75.0000477E-03,+3.3937501907E+00
+21.3000E-06,+3.2687499523E+00,-75.0000477E-03,+3.3937501907E+00
+21.5000E-06,+3.3312499523E+00,-75.0000477E-03,+3.3625001907E+00
+21.7000E-06,+3.3312499523E+00,-106.2500477E-03,+3.3312501907E+00
+21.9000E-06,+3.2999999523E+00,-137.5000477E-03,+3.3312501907E+00
+22.1000E-06,+3.2999999523E+00,-75.0000477E-03,+3.3625001907E+00
+22.3000E-06,+3.2999999523E+00,-43.7500477E-03,+3.3937501907E+00
+22.5000E-06,+3.2999999523E+00,-75.0000477E-03,+3.4250001907E+00
+22.7000E-06,+3.3312499523E+00,-75.0000477E-03,+3.3937501907E+00
+22.9000E-06,+3.3312499523E+00,-75.0000477E-03,+3.3625001907E+00
+23.1000E-06,+3.2999999523E+00,-75.0000477E-03,+3.3625001907E+00
+23.3000E-06,+3.2999999523E+00,-43.7500477E-03,+3.3937501907E+00
+23.5000E-06,+3.2999999523E+00,-12.5000477E-03,+3.3937501907E+00
+23.7000E-06,+3.2687499523E+00,-43.7500477E-03,+3.3625001907E+00
+23.9000E-06,+3.2999999523E+00,-43.7500477E-03,+3.3625001907E+00
+24.1000E-06,+3.2999999523E+00,-43.7500477E-03,+3.3937501907E+00
+24.3000E-06,+3.2687499523E+00,-106.2500477E-03,+3.4250001907E+00
+24.5000E-06,+3.2999999523E+00,-106.2500477E-03,+3.3937501907E+00
+24.7000E-06,+3.2687499523E+00,-75.0000477E-03,+3.3937501907E+00
+24.9000E-06,+3.2687499523E+00,-75.0000477E-03,+3.3937501907E+00
+25.1000E-06,+3.2999999523E+00,+1.6437499523E+00,+3.3625001907E+00
+25.3000E-06,+3.2999999523E+00,+3.3624999523E+00,+3.3625001907E+00
+25.5000E-06,+3.2999999523E+00,+3.3624999523E+00,+3.3937501907E+00
+25.7000E-06,+3.2999999523E+00,+3.3624999523E+00,+3.4250001907E+00
+25.9000E-06,+3.2999999523E+00,+3.3624999523E+00,+3.3937501907E+00
+26.1000E-06,+3.2999999523E+00,+3.3624999523E+00,+3.3937501907E+00
+26.3000E-06,+3.3312499523E+00,+3.3312499523E+00,+3.4250001907E+00
+26.5000E-06,+3.3312499523E+00,+3.3312499523E+00,+3.3937501907E+00
+26.7000E-06,+3.2999999523E+00,+3.3312499523E+00,+3.3625001907E+00
+26.9000E-06,+3.2999999523E+00,+3.2999999523E+00,+3.3937501907E+00
+27.1000E-06,+3.3312499523E+00,+3.3312499523E+00,+3.3937501907E+00
+27.3000E-06,+3.3312499523E+00,+3.3624999523E+00,+3.3937501907E+00
+27.5000E-06,+3.2999999523E+00,+3.3312499523E+00,+3.4250001907E+00
+27.7000E-06,+3.2999999523E+00,+3.3312499523E+00,+3.3937501907E+00
+27.9000E-06,+3.2999999523E+00,+3.3312499523E+00,+3.3312501907E+00
+28.1000E-06,+3.3312499523E+00,+3.2999999523E+00,+3.3312501907E+00
+28.3000E-06,+3.3312499523E+00,+3.2999999523E+00,+3.3937501907E+00
+28.5000E-06,+3.2999999523E+00,+3.2999999523E+00,+3.3937501907E+00
+28.7000E-06,+3.3312499523E+00,+3.2999999523E+00,+3.3625001907E+00
+28.9000E-06,+3.3312499523E+00,+3.3312499523E+00,+3.3625001907E+00
+29.1000E-06,+3.2999999523E+00,+3.3624999523E+00,+3.3625001907E+00
+29.3000E-06,+3.2999999523E+00,+3.3312499523E+00,+3.3625001907E+00
+29.5000E-06,+3.2687499523E+00,+3.2999999523E+00,+3.3625001907E+00
+29.7000E-06,+3.2999999523E+00,+3.2999999523E+00,+3.3625001907E+00
+29.9000E-06,+3.3312499523E+00,+3.2999999523E+00,+3.3937501907E+00
+30.1000E-06,+3.2999999523E+00,+1.6124999523E+00,+3.3937501907E+00
+30.3000E-06,+3.2999999523E+00,-106.2500477E-03,+3.3625001907E+00
+30.5000E-06,+3.2687499523E+00,-137.5000477E-03,+3.3625001907E+00
+30.7000E-06,+3.2374999523E+00,-106.2500477E-03,+3.3937501907E+00
+30.9000E-06,+3.2374999523E+00,-75.0000477E-03,+3.4250001907E+00
+31.1000E-06,+3.2374999523E+00,-43.7500477E-03,+3.4250001907E+00
+31.3000E-06,+3.2687499523E+00,-43.7500477E-03,+3.4250001907E+00
+31.5000E-06,+3.2999999523E+00,-75.0000477E-03,+3.3625001907E+00
+31.7000E-06,+3.2999999523E+00,-75.0000477E-03,+3.3625001907E+00
+31.9000E-06,+3.2999999523E+00,-75.0000477E-03,+3.4250001907E+00
+32.1000E-06,+3.3312499523E+00,-43.7500477E-03,+3.3937501907E+00
+32.3000E-06,+3.3312499523E+00,-12.5000477E-03,+3.3625001907E+00
+32.5000E-06,+3.2999999523E+00,-43.7500477E-03,+3.3625001907E+00
+32.7000E-06,+3.2999999523E+00,-43.7500477E-03,+3.3625001907E+00
+32.9000E-06,+3.2999999523E+00,-43.7500477E-03,+3.3625001907E+00
+33.1000E-06,+3.2999999523E+00,-43.7500477E-03,+3.3937501907E+00
+33.3000E-06,+3.2999999523E+00,-75.0000477E-03,+3.3937501907E+00
+33.5000E-06,+3.2999999523E+00,-106.2500477E-03,+3.3625001907E+00
+33.7000E-06,+3.2687499523E+00,-106.2500477E-03,+3.3625001907E+00
+33.9000E-06,+3.2687499523E+00,-75.0000477E-03,+3.3937501907E+00
+34.1000E-06,+3.3312499523E+00,-43.7500477E-03,+3.3937501907E+00
+34.3000E-06,+3.3312499523E+00,-75.0000477E-03,+3.3625001907E+00
+34.5000E-06,+3.2999999523E+00,-75.0000477E-03,+3.3625001907E+00
+34.7000E-06,+3.2999999523E+00,-75.0000477E-03,+3.3625001907E+00
+34.9000E-06,+3.2999999523E+00,-43.7500477E-03,+3.3625001907E+00
+35.1000E-06,+3.2999999523E+00,+1.7062499523E+00,+3.3937501907E+00
+35.3000E-06,+3.2999999523E+00,+3.3937499523E+00,+3.3937501907E+00
+35.5000E-06,+3.2999999523E+00,+3.3624999523E+00,+3.3625001907E+00
+35.7000E-06,+3.2999999523E+00,+3.3937499523E+00,+3.3625001907E+00
+35.9000E-06,+3.2999999523E+00,+3.3937499523E+00,+3.3625001907E+00
+36.1000E-06,+3.2687499523E+00,+3.3312499523E+00,+3.3625001907E+00
+36.3000E-06,+3.2374999523E+00,+3.3312499523E+00,+3.3625001907E+00
+36.5000E-06,+3.2687499523E+00,+3.3624999523E+00,+3.3625001907E+00
+36.7000E-06,+3.2687499523E+00,+3.3624999523E+00,+3.3625001907E+00
+36.9000E-06,+3.2374999523E+00,+3.3312499523E+00,+3.3625001907E+00
+37.1000E-06,+3.2687499523E+00,+3.3312499523E+00,+3.3937501907E+00
+37.3000E-06,+3.2999999523E+00,+3.3312499523E+00,+3.3937501907E+00
+37.5000E-06,+3.2999999523E+00,+3.2999999523E+00,+3.3625001907E+00
+37.7000E-06,+3.2999999523E+00,+3.2999999523E+00,+3.3625001907E+00
+37.9000E-06,+3.2999999523E+00,+3.2999999523E+00,+3.3625001907E+00
+38.1000E-06,+3.2687499523E+00,+3.2999999523E+00,+3.3937501907E+00
+38.3000E-06,+3.2687499523E+00,+3.3312499523E+00,+3.3937501907E+00
+38.5000E-06,+3.2999999523E+00,+3.3312499523E+00,+3.3625001907E+00
+38.7000E-06,+3.2999999523E+00,+3.3312499523E+00,+3.3937501907E+00
+38.9000E-06,+3.2687499523E+00,+3.3312499523E+00,+3.3937501907E+00
+39.1000E-06,+3.2374999523E+00,+3.2999999523E+00,+3.3625001907E+00
+39.3000E-06,+3.2687499523E+00,+3.3312499523E+00,+3.3937501907E+00
+39.5000E-06,+3.2999999523E+00,+3.3312499523E+00,+3.4250001907E+00
+39.7000E-06,+3.2999999523E+00,+3.2999999523E+00,+3.3937501907E+00
+39.9000E-06,+3.2687499523E+00,+3.2999999523E+00,+3.3625001907E+00
+40.1000E-06,+3.2374999523E+00,+1.5812499523E+00,+1.8312501907E+00
+40.3000E-06,+3.2374999523E+00,-137.5000477E-03,+206.2501907E-03
+40.5000E-06,+3.2687499523E+00,-137.5000477E-03,+112.5001907E-03
+40.7000E-06,+3.2687499523E+00,-137.5000477E-03,+112.5001907E-03
+40.9000E-06,+3.2374999523E+00,-106.2500477E-03,+112.5001907E-03
+41.1000E-06,+3.2687499523E+00,-75.0000477E-03,+112.5001907E-03
+41.3000E-06,+3.2687499523E+00,-75.0000477E-03,+112.5001907E-03
+41.5000E-06,+3.2687499523E+00,-106.2500477E-03,+112.5001907E-03
+41.7000E-06,+3.2999999523E+00,-106.2500477E-03,+112.5001907E-03
+41.9000E-06,+3.2999999523E+00,-75.0000477E-03,+175.0001907E-03
+42.1000E-06,+3.2999999523E+00,-75.0000477E-03,+175.0001907E-03
+42.3000E-06,+3.2999999523E+00,-75.0000477E-03,+112.5001907E-03
+42.5000E-06,+3.2687499523E+00,-106.2500477E-03,+112.5001907E-03
+42.7000E-06,+3.2687499523E+00,-75.0000477E-03,+112.5001907E-03
+42.9000E-06,+3.2687499523E+00,-43.7500477E-03,+112.5001907E-03
+43.1000E-06,+3.2687499523E+00,-43.7500477E-03,+112.5001907E-03
+43.3000E-06,+3.2999999523E+00,-12.5000477E-03,+81.2501907E-03
+43.5000E-06,+3.2687499523E+00,-43.7500477E-03,+81.2501907E-03
+43.7000E-06,+3.2687499523E+00,-75.0000477E-03,+112.5001907E-03
+43.9000E-06,+3.2999999523E+00,-75.0000477E-03,+112.5001907E-03
+44.1000E-06,+3.2999999523E+00,-75.0000477E-03,+112.5001907E-03
+44.3000E-06,+3.2999999523E+00,-75.0000477E-03,+112.5001907E-03
+44.5000E-06,+3.2999999523E+00,-75.0000477E-03,+112.5001907E-03
+44.7000E-06,+3.2999999523E+00,-43.7500477E-03,+112.5001907E-03
+44.9000E-06,+3.2999999523E+00,-43.7500477E-03,+143.7501907E-03
+45.1000E-06,+3.2999999523E+00,+1.6437499523E+00,+143.7501907E-03
+45.3000E-06,+3.2999999523E+00,+3.3624999523E+00,+112.5001907E-03
+45.5000E-06,+3.2999999523E+00,+3.3624999523E+00,+112.5001907E-03
+45.7000E-06,+3.2999999523E+00,+3.3624999523E+00,+143.7501907E-03
+45.9000E-06,+3.2687499523E+00,+3.3312499523E+00,+143.7501907E-03
+46.1000E-06,+3.2687499523E+00,+3.3312499523E+00,+112.5001907E-03
+46.3000E-06,+3.2999999523E+00,+3.3312499523E+00,+112.5001907E-03
+46.5000E-06,+3.2687499523E+00,+3.3312499523E+00,+143.7501907E-03
+46.7000E-06,+3.2999999523E+00,+3.3312499523E+00,+175.0001907E-03
+46.9000E-06,+3.3312499523E+00,+3.2999999523E+00,+143.7501907E-03
+47.1000E-06,+3.2999999523E+00,+3.2999999523E+00,+143.7501907E-03
+47.3000E-06,+3.2687499523E+00,+3.2999999523E+00,+143.7501907E-03
+47.5000E-06,+3.2687499523E+00,+3.3312499523E+00,+143.7501907E-03
+47.7000E-06,+3.2999999523E+00,+3.3312499523E+00,+175.0001907E-03
+47.9000E-06,+3.2999999523E+00,+3.3312499523E+00,+175.0001907E-03
+48.1000E-06,+3.2687499523E+00,+3.3312499523E+00,+175.0001907E-03
+48.3000E-06,+3.2687499523E+00,+3.2999999523E+00,+143.7501907E-03
+48.5000E-06,+3.2999999523E+00,+3.3312499523E+00,+112.5001907E-03
+48.7000E-06,+3.2687499523E+00,+3.3624999523E+00,+112.5001907E-03
+48.9000E-06,+3.2687499523E+00,+3.3312499523E+00,+143.7501907E-03
+49.1000E-06,+3.2999999523E+00,+3.2999999523E+00,+143.7501907E-03
+49.3000E-06,+3.2687499523E+00,+3.2999999523E+00,+143.7501907E-03
+49.5000E-06,+3.2687499523E+00,+3.3312499523E+00,+143.7501907E-03
+49.7000E-06,+3.2687499523E+00,+3.3312499523E+00,+143.7501907E-03
+49.9000E-06,+3.2374999523E+00,+3.3312499523E+00,+143.7501907E-03
+50.1000E-06,+3.2687499523E+00,+1.6124999523E+00,+112.5001907E-03
+50.3000E-06,+3.2687499523E+00,-106.2500477E-03,+112.5001907E-03
+50.5000E-06,+3.2687499523E+00,-106.2500477E-03,+143.7501907E-03
+50.7000E-06,+3.2999999523E+00,-106.2500477E-03,+143.7501907E-03
+50.9000E-06,+3.2999999523E+00,-75.0000477E-03,+143.7501907E-03
+51.1000E-06,+3.2999999523E+00,-75.0000477E-03,+143.7501907E-03
+51.3000E-06,+3.2687499523E+00,-106.2500477E-03,+143.7501907E-03
+51.5000E-06,+3.2687499523E+00,-106.2500477E-03,+143.7501907E-03
+51.7000E-06,+3.2999999523E+00,-75.0000477E-03,+143.7501907E-03
+51.9000E-06,+3.2687499523E+00,-75.0000477E-03,+143.7501907E-03
+52.1000E-06,+3.2374999523E+00,-75.0000477E-03,+112.5001907E-03
+52.3000E-06,+3.2687499523E+00,-75.0000477E-03,+143.7501907E-03
+52.5000E-06,+3.2999999523E+00,-106.2500477E-03,+175.0001907E-03
+52.7000E-06,+3.2999999523E+00,-75.0000477E-03,+175.0001907E-03
+52.9000E-06,+3.2687499523E+00,-43.7500477E-03,+143.7501907E-03
+53.1000E-06,+3.2687499523E+00,-75.0000477E-03,+112.5001907E-03
+53.3000E-06,+3.2687499523E+00,-43.7500477E-03,+143.7501907E-03
+53.5000E-06,+3.2374999523E+00,-43.7500477E-03,+175.0001907E-03
+53.7000E-06,+3.2687499523E+00,-106.2500477E-03,+175.0001907E-03
+53.9000E-06,+3.2999999523E+00,-106.2500477E-03,+143.7501907E-03
+54.1000E-06,+3.2999999523E+00,-75.0000477E-03,+112.5001907E-03
+54.3000E-06,+3.2999999523E+00,-75.0000477E-03,+112.5001907E-03
+54.5000E-06,+3.2999999523E+00,-75.0000477E-03,+112.5001907E-03
+54.7000E-06,+3.2999999523E+00,-43.7500477E-03,+112.5001907E-03
+54.9000E-06,+3.2999999523E+00,-43.7500477E-03,+112.5001907E-03
+55.1000E-06,+3.2687499523E+00,+1.6124999523E+00,+112.5001907E-03
+55.3000E-06,+3.2374999523E+00,+3.3312499523E+00,+143.7501907E-03
+55.5000E-06,+3.2687499523E+00,+3.3624999523E+00,+175.0001907E-03
+55.7000E-06,+3.2999999523E+00,+3.3312499523E+00,+143.7501907E-03
+55.9000E-06,+3.2999999523E+00,+3.3312499523E+00,+112.5001907E-03
+56.1000E-06,+3.2999999523E+00,+3.3624999523E+00,+112.5001907E-03
+56.3000E-06,+3.2687499523E+00,+3.3312499523E+00,+112.5001907E-03
+56.5000E-06,+3.2374999523E+00,+3.3312499523E+00,+143.7501907E-03
+56.7000E-06,+3.2687499523E+00,+3.3624999523E+00,+143.7501907E-03
+56.9000E-06,+3.2999999523E+00,+3.3624999523E+00,+143.7501907E-03
+57.1000E-06,+3.2999999523E+00,+3.3312499523E+00,+143.7501907E-03
+57.3000E-06,+3.2687499523E+00,+3.3312499523E+00,+143.7501907E-03
+57.5000E-06,+3.2374999523E+00,+3.3624999523E+00,+143.7501907E-03
+57.7000E-06,+3.2687499523E+00,+3.3624999523E+00,+112.5001907E-03
+57.9000E-06,+3.2687499523E+00,+3.3312499523E+00,+143.7501907E-03
+58.1000E-06,+3.2687499523E+00,+3.2999999523E+00,+143.7501907E-03
+58.3000E-06,+3.2999999523E+00,+3.2999999523E+00,+112.5001907E-03
+58.5000E-06,+3.2687499523E+00,+3.2999999523E+00,+143.7501907E-03
+58.7000E-06,+3.2687499523E+00,+3.3312499523E+00,+175.0001907E-03
+58.9000E-06,+3.2999999523E+00,+3.3312499523E+00,+143.7501907E-03
+59.1000E-06,+3.2687499523E+00,+3.2999999523E+00,+143.7501907E-03
+59.3000E-06,+3.2687499523E+00,+3.2999999523E+00,+143.7501907E-03
+59.5000E-06,+3.2999999523E+00,+3.2999999523E+00,+112.5001907E-03
+59.7000E-06,+3.3312499523E+00,+3.2999999523E+00,+112.5001907E-03
+59.9000E-06,+3.2999999523E+00,+3.2999999523E+00,+112.5001907E-03
+60.1000E-06,+3.2687499523E+00,+1.5812499523E+00,+1.6750001907E+00
+60.3000E-06,+3.2999999523E+00,-137.5000477E-03,+3.3312501907E+00
+60.5000E-06,+3.2999999523E+00,-137.5000477E-03,+3.3937501907E+00
+60.7000E-06,+3.2999999523E+00,-106.2500477E-03,+3.3937501907E+00
+60.9000E-06,+3.2999999523E+00,-75.0000477E-03,+3.4250001907E+00
+61.1000E-06,+3.2687499523E+00,-75.0000477E-03,+3.4250001907E+00
+61.3000E-06,+3.2687499523E+00,-75.0000477E-03,+3.3937501907E+00
+61.5000E-06,+3.2687499523E+00,-75.0000477E-03,+3.3937501907E+00
+61.7000E-06,+3.2687499523E+00,-75.0000477E-03,+3.3937501907E+00
+61.9000E-06,+3.2999999523E+00,-43.7500477E-03,+3.3625001907E+00
+62.1000E-06,+3.2999999523E+00,-12.5000477E-03,+3.3937501907E+00
+62.3000E-06,+3.2687499523E+00,-43.7500477E-03,+3.3937501907E+00
+62.5000E-06,+3.2687499523E+00,-43.7500477E-03,+3.3625001907E+00
+62.7000E-06,+3.2999999523E+00,-43.7500477E-03,+3.3625001907E+00
+62.9000E-06,+3.2999999523E+00,-75.0000477E-03,+3.3937501907E+00
+63.1000E-06,+3.2999999523E+00,-75.0000477E-03,+3.3937501907E+00
+63.3000E-06,+3.2999999523E+00,-43.7500477E-03,+3.3937501907E+00
+63.5000E-06,+3.2999999523E+00,-43.7500477E-03,+3.3937501907E+00
+63.7000E-06,+3.2999999523E+00,-106.2500477E-03,+3.3937501907E+00
+63.9000E-06,+3.2687499523E+00,-75.0000477E-03,+3.3937501907E+00
+64.1000E-06,+3.2687499523E+00,-43.7500477E-03,+3.3937501907E+00
+64.3000E-06,+3.2687499523E+00,-43.7500477E-03,+3.3937501907E+00
+64.5000E-06,+3.2374999523E+00,-43.7500477E-03,+3.3937501907E+00
+64.7000E-06,+3.2687499523E+00,-75.0000477E-03,+3.4250001907E+00
+64.9000E-06,+3.2999999523E+00,-43.7500477E-03,+3.3937501907E+00
+65.1000E-06,+3.2687499523E+00,+1.6749999523E+00,+3.3625001907E+00
+65.3000E-06,+3.2374999523E+00,+3.3624999523E+00,+3.3625001907E+00
+65.5000E-06,+3.2374999523E+00,+3.3624999523E+00,+3.3937501907E+00
+65.7000E-06,+3.2687499523E+00,+3.3624999523E+00,+3.4250001907E+00
+65.9000E-06,+3.2999999523E+00,+3.3624999523E+00,+3.3937501907E+00
+66.1000E-06,+3.2999999523E+00,+3.3624999523E+00,+3.3625001907E+00
+66.3000E-06,+3.2687499523E+00,+3.3624999523E+00,+3.3937501907E+00
+66.5000E-06,+3.2687499523E+00,+3.3624999523E+00,+3.4250001907E+00
+66.7000E-06,+3.3312499523E+00,+3.3312499523E+00,+3.3937501907E+00
+66.9000E-06,+3.3312499523E+00,+3.3312499523E+00,+3.3625001907E+00
+67.1000E-06,+3.2999999523E+00,+3.3624999523E+00,+3.3625001907E+00
+67.3000E-06,+3.2999999523E+00,+3.3624999523E+00,+3.3625001907E+00
+67.5000E-06,+3.2999999523E+00,+3.3624999523E+00,+3.3937501907E+00
+67.7000E-06,+3.2999999523E+00,+3.3624999523E+00,+3.4250001907E+00
+67.9000E-06,+3.2999999523E+00,+3.3312499523E+00,+3.3937501907E+00
+68.1000E-06,+3.2999999523E+00,+3.3312499523E+00,+3.3937501907E+00
+68.3000E-06,+3.2999999523E+00,+3.3624999523E+00,+3.3937501907E+00
+68.5000E-06,+3.2999999523E+00,+3.3312499523E+00,+3.3937501907E+00
+68.7000E-06,+3.2999999523E+00,+3.2999999523E+00,+3.3937501907E+00
+68.9000E-06,+3.2687499523E+00,+3.2999999523E+00,+3.3625001907E+00
+69.1000E-06,+3.2687499523E+00,+3.2999999523E+00,+3.3625001907E+00
+69.3000E-06,+3.2999999523E+00,+3.2999999523E+00,+3.3937501907E+00
+69.5000E-06,+3.2999999523E+00,+3.2687499523E+00,+3.3937501907E+00
+69.7000E-06,+3.2687499523E+00,+3.2687499523E+00,+3.3625001907E+00
+69.9000E-06,+3.2687499523E+00,+3.2999999523E+00,+3.3625001907E+00
+70.1000E-06,+3.2999999523E+00,+1.5812499523E+00,+1.8312501907E+00
+70.3000E-06,+3.2999999523E+00,-137.5000477E-03,+206.2501907E-03
+70.5000E-06,+3.2999999523E+00,-137.5000477E-03,+143.7501907E-03
+70.7000E-06,+3.2687499523E+00,-106.2500477E-03,+143.7501907E-03
+70.9000E-06,+3.2687499523E+00,-106.2500477E-03,+81.2501907E-03
+71.1000E-06,+3.2999999523E+00,-137.5000477E-03,+81.2501907E-03
+71.3000E-06,+3.2999999523E+00,-106.2500477E-03,+112.5001907E-03
+71.5000E-06,+3.2999999523E+00,-106.2500477E-03,+112.5001907E-03
+71.7000E-06,+3.2687499523E+00,-137.5000477E-03,+112.5001907E-03
+71.9000E-06,+3.2687499523E+00,-106.2500477E-03,+112.5001907E-03
+72.1000E-06,+3.2999999523E+00,-75.0000477E-03,+112.5001907E-03
+72.3000E-06,+3.2999999523E+00,-75.0000477E-03,+112.5001907E-03
+72.5000E-06,+3.2687499523E+00,-43.7500477E-03,+112.5001907E-03
+72.7000E-06,+3.2687499523E+00,-43.7500477E-03,+143.7501907E-03
+72.9000E-06,+3.2999999523E+00,-75.0000477E-03,+143.7501907E-03
+73.1000E-06,+3.2999999523E+00,-75.0000477E-03,+112.5001907E-03
+73.3000E-06,+3.2999999523E+00,-43.7500477E-03,+112.5001907E-03
+73.5000E-06,+3.2999999523E+00,-43.7500477E-03,+112.5001907E-03
+73.7000E-06,+3.2999999523E+00,-43.7500477E-03,+112.5001907E-03
+73.9000E-06,+3.2999999523E+00,-43.7500477E-03,+112.5001907E-03
+74.1000E-06,+3.2687499523E+00,-43.7500477E-03,+112.5001907E-03
+74.3000E-06,+3.2687499523E+00,-12.5000477E-03,+112.5001907E-03
+74.5000E-06,+3.2687499523E+00,-43.7500477E-03,+112.5001907E-03
+74.7000E-06,+3.2374999523E+00,-106.2500477E-03,+112.5001907E-03
+74.9000E-06,+3.2374999523E+00,-106.2500477E-03,+112.5001907E-03
+75.1000E-06,+3.2062499523E+00,+1.6749999523E+00,+143.7501907E-03
+75.3000E-06,+3.2062499523E+00,+3.3937499523E+00,+143.7501907E-03
+75.5000E-06,+3.2687499523E+00,+3.3624999523E+00,+143.7501907E-03
+75.7000E-06,+3.2687499523E+00,+3.3624999523E+00,+175.0001907E-03
+75.9000E-06,+3.2687499523E+00,+3.3312499523E+00,+143.7501907E-03
+76.1000E-06,+3.2687499523E+00,+3.3312499523E+00,+143.7501907E-03
+76.3000E-06,+3.2687499523E+00,+3.3312499523E+00,+143.7501907E-03
+76.5000E-06,+3.2687499523E+00,+3.2999999523E+00,+112.5001907E-03
+76.7000E-06,+3.2374999523E+00,+3.3312499523E+00,+112.5001907E-03
+76.9000E-06,+3.2374999523E+00,+3.3624999523E+00,+112.5001907E-03
+77.1000E-06,+3.2687499523E+00,+3.3312499523E+00,+112.5001907E-03
+77.3000E-06,+3.2999999523E+00,+3.2999999523E+00,+112.5001907E-03
+77.5000E-06,+3.2687499523E+00,+3.2999999523E+00,+112.5001907E-03
+77.7000E-06,+3.2374999523E+00,+3.2999999523E+00,+112.5001907E-03
+77.9000E-06,+3.2374999523E+00,+3.2999999523E+00,+143.7501907E-03
+78.1000E-06,+3.2687499523E+00,+3.2999999523E+00,+175.0001907E-03
+78.3000E-06,+3.2687499523E+00,+3.2999999523E+00,+143.7501907E-03
+78.5000E-06,+3.2687499523E+00,+3.2999999523E+00,+112.5001907E-03
+78.7000E-06,+3.2999999523E+00,+3.2999999523E+00,+112.5001907E-03
+78.9000E-06,+3.2687499523E+00,+3.2999999523E+00,+112.5001907E-03
+79.1000E-06,+3.2999999523E+00,+3.2999999523E+00,+112.5001907E-03
+79.3000E-06,+3.2999999523E+00,+3.2999999523E+00,+112.5001907E-03
+79.5000E-06,+3.2687499523E+00,+3.2999999523E+00,+143.7501907E-03
+79.7000E-06,+3.2999999523E+00,+3.2999999523E+00,+175.0001907E-03
+79.9000E-06,+3.2687499523E+00,+3.2999999523E+00,+143.7501907E-03
+80.1000E-06,+3.2374999523E+00,+1.5812499523E+00,+1.6750001907E+00
+80.3000E-06,+3.2374999523E+00,-137.5000477E-03,+3.3000001907E+00
+80.5000E-06,+3.2374999523E+00,-137.5000477E-03,+3.3625001907E+00
+80.7000E-06,+3.2374999523E+00,-137.5000477E-03,+3.3937501907E+00
+80.9000E-06,+3.2687499523E+00,-106.2500477E-03,+3.4250001907E+00
+81.1000E-06,+3.2687499523E+00,-106.2500477E-03,+3.4250001907E+00
+81.3000E-06,+3.2687499523E+00,-137.5000477E-03,+3.4250001907E+00
+81.5000E-06,+3.2999999523E+00,-75.0000477E-03,+3.3937501907E+00
+81.7000E-06,+3.2999999523E+00,-12.5000477E-03,+3.3937501907E+00
+81.9000E-06,+3.2687499523E+00,-12.5000477E-03,+3.4250001907E+00
+82.1000E-06,+3.2687499523E+00,-75.0000477E-03,+3.4250001907E+00
+82.3000E-06,+3.2999999523E+00,-106.2500477E-03,+3.4250001907E+00
+82.5000E-06,+3.2687499523E+00,-75.0000477E-03,+3.3937501907E+00
+82.7000E-06,+3.2374999523E+00,-75.0000477E-03,+3.3625001907E+00
+82.9000E-06,+3.2374999523E+00,-75.0000477E-03,+3.3937501907E+00
+83.1000E-06,+3.2687499523E+00,-75.0000477E-03,+3.4250001907E+00
+83.3000E-06,+3.2999999523E+00,-75.0000477E-03,+3.3937501907E+00
+83.5000E-06,+3.2999999523E+00,-75.0000477E-03,+3.3937501907E+00
+83.7000E-06,+3.2687499523E+00,-75.0000477E-03,+3.4250001907E+00
+83.9000E-06,+3.2374999523E+00,-43.7500477E-03,+3.3937501907E+00
+84.1000E-06,+3.2374999523E+00,-43.7500477E-03,+3.3625001907E+00
+84.3000E-06,+3.2374999523E+00,-75.0000477E-03,+3.3937501907E+00
+84.5000E-06,+3.2374999523E+00,-75.0000477E-03,+3.4250001907E+00
+84.7000E-06,+3.2374999523E+00,-43.7500477E-03,+3.4250001907E+00
+84.9000E-06,+3.2374999523E+00,-12.5000477E-03,+3.3937501907E+00
+85.1000E-06,+3.2374999523E+00,+1.6749999523E+00,+3.3937501907E+00
+85.3000E-06,+3.2687499523E+00,+3.3624999523E+00,+3.3937501907E+00
+85.5000E-06,+3.2687499523E+00,+3.3624999523E+00,+3.3937501907E+00
+85.7000E-06,+3.2687499523E+00,+3.3624999523E+00,+3.3937501907E+00
+85.9000E-06,+3.2999999523E+00,+3.3312499523E+00,+3.3625001907E+00
+86.1000E-06,+3.2687499523E+00,+3.2999999523E+00,+3.3937501907E+00
+86.3000E-06,+3.2374999523E+00,+3.3312499523E+00,+3.4250001907E+00
+86.5000E-06,+3.2687499523E+00,+3.3312499523E+00,+3.4250001907E+00
+86.7000E-06,+3.2687499523E+00,+3.2999999523E+00,+3.3937501907E+00
+86.9000E-06,+3.2374999523E+00,+3.3312499523E+00,+3.3937501907E+00
+87.1000E-06,+3.2687499523E+00,+3.3312499523E+00,+3.3937501907E+00
+87.3000E-06,+3.2999999523E+00,+3.3312499523E+00,+3.3625001907E+00
+87.5000E-06,+3.2687499523E+00,+3.3312499523E+00,+3.3625001907E+00
+87.7000E-06,+3.2374999523E+00,+3.2999999523E+00,+3.3625001907E+00
+87.9000E-06,+3.2687499523E+00,+3.2999999523E+00,+3.3937501907E+00
+88.1000E-06,+3.2687499523E+00,+3.3312499523E+00,+3.4250001907E+00
+88.3000E-06,+3.2687499523E+00,+3.3312499523E+00,+3.4250001907E+00
+88.5000E-06,+3.2999999523E+00,+3.3312499523E+00,+3.3937501907E+00
+88.7000E-06,+3.2999999523E+00,+3.3312499523E+00,+3.3937501907E+00
+88.9000E-06,+3.2687499523E+00,+3.3312499523E+00,+3.4250001907E+00
+89.1000E-06,+3.2687499523E+00,+3.3312499523E+00,+3.3937501907E+00
+89.3000E-06,+3.2999999523E+00,+3.2999999523E+00,+3.3937501907E+00
+89.5000E-06,+3.2687499523E+00,+3.2999999523E+00,+3.3937501907E+00
+89.7000E-06,+3.2687499523E+00,+3.2999999523E+00,+3.3312501907E+00
+89.9000E-06,+3.2999999523E+00,+3.3312499523E+00,+3.3312501907E+00
+90.1000E-06,+3.2687499523E+00,+1.6124999523E+00,+1.8312501907E+00
+90.3000E-06,+3.2687499523E+00,-137.5000477E-03,+206.2501907E-03
+90.5000E-06,+3.2999999523E+00,-106.2500477E-03,+112.5001907E-03
+90.7000E-06,+3.2999999523E+00,-106.2500477E-03,+112.5001907E-03
+90.9000E-06,+3.2687499523E+00,-106.2500477E-03,+112.5001907E-03
+91.1000E-06,+3.2687499523E+00,-43.7500477E-03,+112.5001907E-03
+91.3000E-06,+3.2999999523E+00,-12.5000477E-03,+112.5001907E-03
+91.5000E-06,+3.2687499523E+00,-12.5000477E-03,+81.2501907E-03
+91.7000E-06,+3.2374999523E+00,-43.7500477E-03,+81.2501907E-03
+91.9000E-06,+3.2374999523E+00,-106.2500477E-03,+143.7501907E-03
+92.1000E-06,+3.2687499523E+00,-106.2500477E-03,+143.7501907E-03
+92.3000E-06,+3.2999999523E+00,-75.0000477E-03,+112.5001907E-03
+92.5000E-06,+3.2687499523E+00,-75.0000477E-03,+112.5001907E-03
+92.7000E-06,+3.2374999523E+00,-75.0000477E-03,+143.7501907E-03
+92.9000E-06,+3.2687499523E+00,-75.0000477E-03,+143.7501907E-03
+93.1000E-06,+3.2999999523E+00,-75.0000477E-03,+143.7501907E-03
+93.3000E-06,+3.2687499523E+00,-43.7500477E-03,+175.0001907E-03
+93.5000E-06,+3.2687499523E+00,-43.7500477E-03,+143.7501907E-03
+93.7000E-06,+3.2374999523E+00,-75.0000477E-03,+112.5001907E-03
+93.9000E-06,+3.2062499523E+00,-106.2500477E-03,+112.5001907E-03
+94.1000E-06,+3.2687499523E+00,-106.2500477E-03,+112.5001907E-03
+94.3000E-06,+3.2687499523E+00,-75.0000477E-03,+112.5001907E-03
+94.5000E-06,+3.2374999523E+00,-75.0000477E-03,+112.5001907E-03
+94.7000E-06,+3.2687499523E+00,-43.7500477E-03,+112.5001907E-03
+94.9000E-06,+3.2687499523E+00,-12.5000477E-03,+112.5001907E-03
+95.1000E-06,+3.2374999523E+00,+1.6749999523E+00,+112.5001907E-03
+95.3000E-06,+3.2374999523E+00,+3.3312499523E+00,+112.5001907E-03
+95.5000E-06,+3.2687499523E+00,+3.3312499523E+00,+112.5001907E-03
+95.7000E-06,+3.2687499523E+00,+3.3624999523E+00,+112.5001907E-03
+95.9000E-06,+3.2374999523E+00,+3.3624999523E+00,+112.5001907E-03
+96.1000E-06,+3.2374999523E+00,+3.3624999523E+00,+112.5001907E-03
+96.3000E-06,+3.2374999523E+00,+3.3624999523E+00,+112.5001907E-03
+96.5000E-06,+3.2374999523E+00,+3.3312499523E+00,+112.5001907E-03
+96.7000E-06,+3.2374999523E+00,+3.3312499523E+00,+143.7501907E-03
+96.9000E-06,+3.2687499523E+00,+3.3312499523E+00,+143.7501907E-03
+97.1000E-06,+3.2999999523E+00,+3.3312499523E+00,+112.5001907E-03
+97.3000E-06,+3.2999999523E+00,+3.3624999523E+00,+112.5001907E-03
+97.5000E-06,+3.2687499523E+00,+3.3312499523E+00,+112.5001907E-03
+97.7000E-06,+3.2374999523E+00,+3.2999999523E+00,+112.5001907E-03
+97.9000E-06,+3.2374999523E+00,+3.2999999523E+00,+112.5001907E-03
+98.1000E-06,+3.2374999523E+00,+3.3312499523E+00,+143.7501907E-03
+98.3000E-06,+3.2374999523E+00,+3.3624999523E+00,+143.7501907E-03
+98.5000E-06,+3.2687499523E+00,+3.3312499523E+00,+112.5001907E-03
+98.7000E-06,+3.2999999523E+00,+3.3312499523E+00,+112.5001907E-03
+98.9000E-06,+3.2687499523E+00,+3.3624999523E+00,+143.7501907E-03
+99.1000E-06,+3.2687499523E+00,+3.3312499523E+00,+143.7501907E-03
+99.3000E-06,+3.2687499523E+00,+3.3312499523E+00,+112.5001907E-03
+99.5000E-06,+3.2687499523E+00,+3.3624999523E+00,+112.5001907E-03
+99.7000E-06,+3.2999999523E+00,+3.3312499523E+00,+112.5001907E-03
+99.9000E-06,+3.2999999523E+00,+3.2999999523E+00,+112.5001907E-03
+100.1000E-06,+3.2999999523E+00,+1.5812499523E+00,+1.6437501907E+00
+100.3000E-06,+3.2999999523E+00,-106.2500477E-03,+3.2687501907E+00
+100.5000E-06,+3.2999999523E+00,-75.0000477E-03,+3.3937501907E+00
+100.7000E-06,+3.2687499523E+00,-75.0000477E-03,+3.3937501907E+00
+100.9000E-06,+3.2687499523E+00,-75.0000477E-03,+3.3625001907E+00
+101.1000E-06,+3.2687499523E+00,-106.2500477E-03,+3.3625001907E+00
+101.3000E-06,+3.2687499523E+00,-137.5000477E-03,+3.3625001907E+00
+101.5000E-06,+3.2687499523E+00,-137.5000477E-03,+3.3625001907E+00
+101.7000E-06,+3.2374999523E+00,-106.2500477E-03,+3.3937501907E+00
+101.9000E-06,+3.2687499523E+00,-43.7500477E-03,+3.3937501907E+00
+102.1000E-06,+3.2999999523E+00,-43.7500477E-03,+3.3625001907E+00
+102.3000E-06,+3.2999999523E+00,-75.0000477E-03,+3.3937501907E+00
+102.5000E-06,+3.2999999523E+00,-75.0000477E-03,+3.3937501907E+00
+102.7000E-06,+3.2687499523E+00,-106.2500477E-03,+3.3937501907E+00
+102.9000E-06,+3.2374999523E+00,-106.2500477E-03,+3.3937501907E+00
+103.1000E-06,+3.2374999523E+00,-43.7500477E-03,+3.3625001907E+00
+103.3000E-06,+3.2687499523E+00,-43.7500477E-03,+3.3625001907E+00
+103.5000E-06,+3.2999999523E+00,-75.0000477E-03,+3.3937501907E+00
+103.7000E-06,+3.2687499523E+00,-106.2500477E-03,+3.3937501907E+00
+103.9000E-06,+3.2687499523E+00,-106.2500477E-03,+3.3937501907E+00
+104.1000E-06,+3.2999999523E+00,-75.0000477E-03,+3.3937501907E+00
+104.3000E-06,+3.2999999523E+00,-75.0000477E-03,+3.3937501907E+00
+104.5000E-06,+3.2687499523E+00,-75.0000477E-03,+3.3937501907E+00
+104.7000E-06,+3.2687499523E+00,-43.7500477E-03,+3.3937501907E+00
+104.9000E-06,+3.2999999523E+00,-43.7500477E-03,+3.3937501907E+00
+105.1000E-06,+3.2999999523E+00,+1.6437499523E+00,+3.3625001907E+00
+105.3000E-06,+3.2687499523E+00,+3.3624999523E+00,+3.3625001907E+00
+105.5000E-06,+3.2374999523E+00,+3.3624999523E+00,+3.3625001907E+00
+105.7000E-06,+3.2687499523E+00,+3.3624999523E+00,+3.3937501907E+00
+105.9000E-06,+3.2999999523E+00,+3.3312499523E+00,+3.3937501907E+00
+106.1000E-06,+3.2999999523E+00,+3.3312499523E+00,+3.3937501907E+00
+106.3000E-06,+3.2999999523E+00,+3.3312499523E+00,+3.4250001907E+00
+106.5000E-06,+3.2687499523E+00,+3.3312499523E+00,+3.3937501907E+00
+106.7000E-06,+3.2374999523E+00,+3.3624999523E+00,+3.3937501907E+00
+106.9000E-06,+3.2374999523E+00,+3.3624999523E+00,+3.4250001907E+00
+107.1000E-06,+3.2062499523E+00,+3.3624999523E+00,+3.3937501907E+00
+107.3000E-06,+3.2062499523E+00,+3.3624999523E+00,+3.3625001907E+00
+107.5000E-06,+3.2374999523E+00,+3.3312499523E+00,+3.3625001907E+00
+107.7000E-06,+3.2374999523E+00,+3.3312499523E+00,+3.3625001907E+00
+107.9000E-06,+3.2374999523E+00,+3.3312499523E+00,+3.3937501907E+00
+108.1000E-06,+3.2687499523E+00,+3.2999999523E+00,+3.4250001907E+00
+108.3000E-06,+3.2999999523E+00,+3.2999999523E+00,+3.4250001907E+00
+108.5000E-06,+3.2687499523E+00,+3.2999999523E+00,+3.4250001907E+00
+108.7000E-06,+3.2374999523E+00,+3.3312499523E+00,+3.3937501907E+00
+108.9000E-06,+3.2062499523E+00,+3.3312499523E+00,+3.3625001907E+00
+109.1000E-06,+3.2062499523E+00,+3.3312499523E+00,+3.3625001907E+00
+109.3000E-06,+3.2374999523E+00,+3.3624999523E+00,+3.3937501907E+00
+109.5000E-06,+3.2687499523E+00,+3.3624999523E+00,+3.3937501907E+00
+109.7000E-06,+3.2999999523E+00,+3.3312499523E+00,+3.3625001907E+00
+109.9000E-06,+3.2687499523E+00,+3.3312499523E+00,+3.3625001907E+00
+110.1000E-06,+3.2687499523E+00,+1.6124999523E+00,+3.3625001907E+00
+110.3000E-06,+3.2999999523E+00,-137.5000477E-03,+3.3937501907E+00
+110.5000E-06,+3.2999999523E+00,-106.2500477E-03,+3.4250001907E+00
+110.7000E-06,+3.2999999523E+00,-75.0000477E-03,+3.3937501907E+00
+110.9000E-06,+3.2999999523E+00,-43.7500477E-03,+3.3625001907E+00
+111.1000E-06,+3.2687499523E+00,-43.7500477E-03,+3.3625001907E+00
+111.3000E-06,+3.2374999523E+00,-43.7500477E-03,+3.3937501907E+00
+111.5000E-06,+3.2374999523E+00,-43.7500477E-03,+3.3625001907E+00
+111.7000E-06,+3.2062499523E+00,-75.0000477E-03,+3.3625001907E+00
+111.9000E-06,+3.2062499523E+00,-75.0000477E-03,+3.3937501907E+00
+112.1000E-06,+3.2687499523E+00,-75.0000477E-03,+3.3625001907E+00
+112.3000E-06,+3.2999999523E+00,-75.0000477E-03,+3.3625001907E+00
+112.5000E-06,+3.2687499523E+00,-75.0000477E-03,+3.3625001907E+00
+112.7000E-06,+3.2687499523E+00,-75.0000477E-03,+3.3625001907E+00
+112.9000E-06,+3.2999999523E+00,-43.7500477E-03,+3.3625001907E+00
+113.1000E-06,+3.2687499523E+00,-43.7500477E-03,+3.3625001907E+00
+113.3000E-06,+3.2687499523E+00,-75.0000477E-03,+3.3625001907E+00
+113.5000E-06,+3.2999999523E+00,-43.7500477E-03,+3.3937501907E+00
+113.7000E-06,+3.2999999523E+00,-43.7500477E-03,+3.3937501907E+00
+113.9000E-06,+3.2999999523E+00,-75.0000477E-03,+3.3625001907E+00
+114.1000E-06,+3.2687499523E+00,-75.0000477E-03,+3.3625001907E+00
+114.3000E-06,+3.2374999523E+00,-106.2500477E-03,+3.3625001907E+00
+114.5000E-06,+3.2374999523E+00,-137.5000477E-03,+3.3625001907E+00
+114.7000E-06,+3.2687499523E+00,-137.5000477E-03,+3.3937501907E+00
+114.9000E-06,+3.2687499523E+00,-106.2500477E-03,+3.3937501907E+00
+115.1000E-06,+3.2374999523E+00,+1.6437499523E+00,+3.3937501907E+00
+115.3000E-06,+3.2687499523E+00,+3.3624999523E+00,+3.3937501907E+00
+115.5000E-06,+3.2999999523E+00,+3.3624999523E+00,+3.3625001907E+00
+115.7000E-06,+3.2687499523E+00,+3.3312499523E+00,+3.3937501907E+00
+115.9000E-06,+3.2687499523E+00,+3.3312499523E+00,+3.3937501907E+00
+116.1000E-06,+3.2999999523E+00,+3.3312499523E+00,+3.3937501907E+00
+116.3000E-06,+3.2687499523E+00,+3.3312499523E+00,+3.3937501907E+00
+116.5000E-06,+3.2374999523E+00,+3.3624999523E+00,+3.3937501907E+00
+116.7000E-06,+3.2687499523E+00,+3.3624999523E+00,+3.3937501907E+00
+116.9000E-06,+3.2687499523E+00,+3.3312499523E+00,+3.3937501907E+00
+117.1000E-06,+3.2062499523E+00,+3.2999999523E+00,+3.3937501907E+00
+117.3000E-06,+3.2062499523E+00,+3.3312499523E+00,+3.3625001907E+00
+117.5000E-06,+3.2687499523E+00,+3.3312499523E+00,+3.3625001907E+00
+117.7000E-06,+3.2687499523E+00,+3.2999999523E+00,+3.3625001907E+00
+117.9000E-06,+3.2374999523E+00,+3.2999999523E+00,+3.3937501907E+00
+118.1000E-06,+3.2062499523E+00,+3.2999999523E+00,+3.3937501907E+00
+118.3000E-06,+3.2062499523E+00,+3.2999999523E+00,+3.3625001907E+00
+118.5000E-06,+3.2687499523E+00,+3.2999999523E+00,+3.3625001907E+00
+118.7000E-06,+3.2999999523E+00,+3.2999999523E+00,+3.3625001907E+00
+118.9000E-06,+3.2687499523E+00,+3.3312499523E+00,+3.3937501907E+00
+119.1000E-06,+3.2687499523E+00,+3.3312499523E+00,+3.4250001907E+00
+119.3000E-06,+3.2999999523E+00,+3.2999999523E+00,+3.3937501907E+00
+119.5000E-06,+3.2687499523E+00,+3.2999999523E+00,+3.3937501907E+00
+119.7000E-06,+3.2374999523E+00,+3.2999999523E+00,+3.3937501907E+00
+119.9000E-06,+3.2687499523E+00,+3.2999999523E+00,+3.3937501907E+00
+120.1000E-06,+3.2999999523E+00,+1.5812499523E+00,+3.4250001907E+00
+120.3000E-06,+3.2999999523E+00,-137.5000477E-03,+3.4250001907E+00
+120.5000E-06,+3.2687499523E+00,-106.2500477E-03,+3.3937501907E+00
+120.7000E-06,+3.2687499523E+00,-75.0000477E-03,+3.3625001907E+00
+120.9000E-06,+3.2999999523E+00,-43.7500477E-03,+3.3937501907E+00
+121.1000E-06,+3.2999999523E+00,-12.5000477E-03,+3.3937501907E+00
+121.3000E-06,+3.2687499523E+00,-75.0000477E-03,+3.3625001907E+00
+121.5000E-06,+3.2374999523E+00,-137.5000477E-03,+3.3625001907E+00
+121.7000E-06,+3.2374999523E+00,-137.5000477E-03,+3.3937501907E+00
+121.9000E-06,+3.2374999523E+00,-106.2500477E-03,+3.3937501907E+00
+122.1000E-06,+3.2374999523E+00,-75.0000477E-03,+3.3937501907E+00
+122.3000E-06,+3.2687499523E+00,-75.0000477E-03,+3.3937501907E+00
+122.5000E-06,+3.2687499523E+00,-43.7500477E-03,+3.3625001907E+00
+122.7000E-06,+3.2374999523E+00,-12.5000477E-03,+3.3625001907E+00
+122.9000E-06,+3.2687499523E+00,-43.7500477E-03,+3.3937501907E+00
+123.1000E-06,+3.2687499523E+00,-75.0000477E-03,+3.3937501907E+00
+123.3000E-06,+3.2687499523E+00,-75.0000477E-03,+3.3937501907E+00
+123.5000E-06,+3.2999999523E+00,-75.0000477E-03,+3.4250001907E+00
+123.7000E-06,+3.2687499523E+00,-43.7500477E-03,+3.3937501907E+00
+123.9000E-06,+3.2374999523E+00,-12.5000477E-03,+3.3625001907E+00
+124.1000E-06,+3.2374999523E+00,-12.5000477E-03,+3.3625001907E+00
+124.3000E-06,+3.2374999523E+00,-43.7500477E-03,+3.3625001907E+00
+124.5000E-06,+3.2374999523E+00,-43.7500477E-03,+3.3625001907E+00
+124.7000E-06,+3.2374999523E+00,-12.5000477E-03,+3.3625001907E+00
+124.9000E-06,+3.2374999523E+00,-75.0000477E-03,+3.3625001907E+00
+125.1000E-06,+3.2374999523E+00,+1.6124999523E+00,+3.3312501907E+00
+125.3000E-06,+3.2374999523E+00,+3.3624999523E+00,+3.3625001907E+00
+125.5000E-06,+3.2374999523E+00,+3.3624999523E+00,+3.3937501907E+00
+125.7000E-06,+3.2374999523E+00,+3.3624999523E+00,+3.3625001907E+00
+125.9000E-06,+3.2687499523E+00,+3.3624999523E+00,+3.3312501907E+00
+126.1000E-06,+3.2687499523E+00,+3.3624999523E+00,+3.3312501907E+00
+126.3000E-06,+3.2374999523E+00,+3.3624999523E+00,+3.3625001907E+00
+126.5000E-06,+3.2374999523E+00,+3.3624999523E+00,+3.3625001907E+00
+126.7000E-06,+3.2374999523E+00,+3.3624999523E+00,+3.3625001907E+00
+126.9000E-06,+3.2374999523E+00,+3.3624999523E+00,+3.3937501907E+00
+127.1000E-06,+3.2687499523E+00,+3.3624999523E+00,+3.4250001907E+00
+127.3000E-06,+3.2999999523E+00,+3.3312499523E+00,+3.3937501907E+00
+127.5000E-06,+3.2999999523E+00,+3.3312499523E+00,+3.3937501907E+00
+127.7000E-06,+3.2999999523E+00,+3.3312499523E+00,+3.3937501907E+00
+127.9000E-06,+3.2687499523E+00,+3.2999999523E+00,+3.3937501907E+00
+128.1000E-06,+3.2687499523E+00,+3.3312499523E+00,+3.4250001907E+00
+128.3000E-06,+3.2687499523E+00,+3.3312499523E+00,+3.3937501907E+00
+128.5000E-06,+3.2062499523E+00,+3.3312499523E+00,+3.3625001907E+00
+128.7000E-06,+3.2374999523E+00,+3.3312499523E+00,+3.3625001907E+00
+128.9000E-06,+3.2687499523E+00,+3.2999999523E+00,+3.3937501907E+00
+129.1000E-06,+3.2374999523E+00,+3.3312499523E+00,+3.4250001907E+00
+129.3000E-06,+3.2687499523E+00,+3.3312499523E+00,+3.3937501907E+00
+129.5000E-06,+3.2999999523E+00,+3.3312499523E+00,+3.3625001907E+00
+129.7000E-06,+3.2687499523E+00,+3.3312499523E+00,+3.3625001907E+00
+129.9000E-06,+3.2687499523E+00,+3.2999999523E+00,+3.3937501907E+00
+130.1000E-06,+3.2687499523E+00,+1.6124999523E+00,+1.8625001907E+00
+130.3000E-06,+3.2374999523E+00,-106.2500477E-03,+237.5001907E-03
+130.5000E-06,+3.2687499523E+00,-137.5000477E-03,+143.7501907E-03
+130.7000E-06,+3.2687499523E+00,-106.2500477E-03,+112.5001907E-03
+130.9000E-06,+3.2687499523E+00,-75.0000477E-03,+143.7501907E-03
+131.1000E-06,+3.2999999523E+00,-75.0000477E-03,+143.7501907E-03
+131.3000E-06,+3.2999999523E+00,-75.0000477E-03,+143.7501907E-03
+131.5000E-06,+3.2687499523E+00,-75.0000477E-03,+143.7501907E-03
+131.7000E-06,+3.2374999523E+00,-43.7500477E-03,+112.5001907E-03
+131.9000E-06,+3.2687499523E+00,-43.7500477E-03,+112.5001907E-03
+132.1000E-06,+3.2999999523E+00,-43.7500477E-03,+112.5001907E-03
+132.3000E-06,+3.2687499523E+00,-43.7500477E-03,+143.7501907E-03
+132.5000E-06,+3.2374999523E+00,-75.0000477E-03,+175.0001907E-03
+132.7000E-06,+3.2374999523E+00,-75.0000477E-03,+143.7501907E-03
+132.9000E-06,+3.2374999523E+00,-43.7500477E-03,+143.7501907E-03
+133.1000E-06,+3.2374999523E+00,-43.7500477E-03,+143.7501907E-03
+133.3000E-06,+3.2374999523E+00,-75.0000477E-03,+112.5001907E-03
+133.5000E-06,+3.2374999523E+00,-43.7500477E-03,+112.5001907E-03
+133.7000E-06,+3.2687499523E+00,-43.7500477E-03,+112.5001907E-03
+133.9000E-06,+3.2687499523E+00,-75.0000477E-03,+112.5001907E-03
+134.1000E-06,+3.2687499523E+00,-75.0000477E-03,+112.5001907E-03
+134.3000E-06,+3.2999999523E+00,-75.0000477E-03,+112.5001907E-03
+134.5000E-06,+3.2999999523E+00,-43.7500477E-03,+112.5001907E-03
+134.7000E-06,+3.2999999523E+00,-12.5000477E-03,+112.5001907E-03
+134.9000E-06,+3.2999999523E+00,-43.7500477E-03,+143.7501907E-03
+135.1000E-06,+3.2999999523E+00,+1.6437499523E+00,+143.7501907E-03
+135.3000E-06,+3.2687499523E+00,+3.3937499523E+00,+112.5001907E-03
+135.5000E-06,+3.2374999523E+00,+3.3937499523E+00,+112.5001907E-03
+135.7000E-06,+3.2374999523E+00,+3.3624999523E+00,+112.5001907E-03
+135.9000E-06,+3.2374999523E+00,+3.3624999523E+00,+112.5001907E-03
+136.1000E-06,+3.2374999523E+00,+3.3624999523E+00,+112.5001907E-03
+136.3000E-06,+3.2374999523E+00,+3.3624999523E+00,+143.7501907E-03
+136.5000E-06,+3.2374999523E+00,+3.3624999523E+00,+143.7501907E-03
+136.7000E-06,+3.2687499523E+00,+3.3624999523E+00,+112.5001907E-03
+136.9000E-06,+3.2999999523E+00,+3.3624999523E+00,+112.5001907E-03
+137.1000E-06,+3.2687499523E+00,+3.3312499523E+00,+112.5001907E-03
+137.3000E-06,+3.2374999523E+00,+3.2999999523E+00,+112.5001907E-03
+137.5000E-06,+3.2374999523E+00,+3.3312499523E+00,+112.5001907E-03
+137.7000E-06,+3.2374999523E+00,+3.3312499523E+00,+112.5001907E-03
+137.9000E-06,+3.2687499523E+00,+3.2999999523E+00,+112.5001907E-03
+138.1000E-06,+3.2999999523E+00,+3.2999999523E+00,+112.5001907E-03
+138.3000E-06,+3.2687499523E+00,+3.2999999523E+00,+112.5001907E-03
+138.5000E-06,+3.2374999523E+00,+3.2999999523E+00,+143.7501907E-03
+138.7000E-06,+3.2374999523E+00,+3.2999999523E+00,+175.0001907E-03
+138.9000E-06,+3.2374999523E+00,+3.3312499523E+00,+143.7501907E-03
+139.1000E-06,+3.2687499523E+00,+3.3624999523E+00,+112.5001907E-03
+139.3000E-06,+3.2999999523E+00,+3.3624999523E+00,+112.5001907E-03
+139.5000E-06,+3.2999999523E+00,+3.3624999523E+00,+143.7501907E-03
+139.7000E-06,+3.2687499523E+00,+3.3312499523E+00,+143.7501907E-03
+139.9000E-06,+3.2374999523E+00,+3.3312499523E+00,+112.5001907E-03
+140.1000E-06,+3.2687499523E+00,+1.6124999523E+00,+112.5001907E-03
+140.3000E-06,+3.2687499523E+00,-137.5000477E-03,+112.5001907E-03
+140.5000E-06,+3.2374999523E+00,-106.2500477E-03,+112.5001907E-03
+140.7000E-06,+3.2374999523E+00,-106.2500477E-03,+112.5001907E-03
+140.9000E-06,+3.2374999523E+00,-137.5000477E-03,+112.5001907E-03
+141.1000E-06,+3.2374999523E+00,-137.5000477E-03,+112.5001907E-03
+141.3000E-06,+3.2374999523E+00,-75.0000477E-03,+112.5001907E-03
+141.5000E-06,+3.2687499523E+00,-43.7500477E-03,+143.7501907E-03
+141.7000E-06,+3.2687499523E+00,-75.0000477E-03,+175.0001907E-03
+141.9000E-06,+3.2374999523E+00,-106.2500477E-03,+175.0001907E-03
+142.1000E-06,+3.2374999523E+00,-106.2500477E-03,+143.7501907E-03
+142.3000E-06,+3.2374999523E+00,-75.0000477E-03,+112.5001907E-03
+142.5000E-06,+3.2374999523E+00,-75.0000477E-03,+81.2501907E-03
+142.7000E-06,+3.2374999523E+00,-75.0000477E-03,+81.2501907E-03
+142.9000E-06,+3.2374999523E+00,-106.2500477E-03,+112.5001907E-03
+143.1000E-06,+3.2687499523E+00,-75.0000477E-03,+112.5001907E-03
+143.3000E-06,+3.2687499523E+00,-43.7500477E-03,+112.5001907E-03
+143.5000E-06,+3.2687499523E+00,-75.0000477E-03,+143.7501907E-03
+143.7000E-06,+3.2999999523E+00,-75.0000477E-03,+175.0001907E-03
+143.9000E-06,+3.2687499523E+00,-43.7500477E-03,+175.0001907E-03
+144.1000E-06,+3.2062499523E+00,-43.7500477E-03,+143.7501907E-03
+144.3000E-06,+3.2062499523E+00,-75.0000477E-03,+143.7501907E-03
+144.5000E-06,+3.2062499523E+00,-43.7500477E-03,+143.7501907E-03
+144.7000E-06,+3.2062499523E+00,-43.7500477E-03,+143.7501907E-03
+144.9000E-06,+3.2374999523E+00,-106.2500477E-03,+143.7501907E-03
+145.1000E-06,+3.2374999523E+00,+1.6437499523E+00,+112.5001907E-03
+145.3000E-06,+3.2374999523E+00,+3.3937499523E+00,+112.5001907E-03
+145.5000E-06,+3.2374999523E+00,+3.3312499523E+00,+112.5001907E-03
+145.7000E-06,+3.2374999523E+00,+3.2999999523E+00,+112.5001907E-03
+145.9000E-06,+3.2374999523E+00,+3.3312499523E+00,+143.7501907E-03
+146.1000E-06,+3.2374999523E+00,+3.3312499523E+00,+175.0001907E-03
+146.3000E-06,+3.2687499523E+00,+3.3312499523E+00,+143.7501907E-03
+146.5000E-06,+3.2374999523E+00,+3.3312499523E+00,+143.7501907E-03
+146.7000E-06,+3.2062499523E+00,+3.2999999523E+00,+175.0001907E-03
+146.9000E-06,+3.2687499523E+00,+3.2999999523E+00,+175.0001907E-03
+147.1000E-06,+3.2687499523E+00,+3.3312499523E+00,+143.7501907E-03
+147.3000E-06,+3.2374999523E+00,+3.3624999523E+00,+112.5001907E-03
+147.5000E-06,+3.2374999523E+00,+3.3312499523E+00,+143.7501907E-03
+147.7000E-06,+3.2374999523E+00,+3.2999999523E+00,+143.7501907E-03
+147.9000E-06,+3.2374999523E+00,+3.2999999523E+00,+143.7501907E-03
+148.1000E-06,+3.2062499523E+00,+3.2999999523E+00,+143.7501907E-03
+148.3000E-06,+3.2062499523E+00,+3.2999999523E+00,+81.2501907E-03
+148.5000E-06,+3.2687499523E+00,+3.2999999523E+00,+81.2501907E-03
+148.7000E-06,+3.2687499523E+00,+3.2999999523E+00,+143.7501907E-03
+148.9000E-06,+3.2374999523E+00,+3.2999999523E+00,+175.0001907E-03
+149.1000E-06,+3.2687499523E+00,+3.2999999523E+00,+143.7501907E-03
+149.3000E-06,+3.2687499523E+00,+3.2999999523E+00,+112.5001907E-03
+149.5000E-06,+3.2374999523E+00,+3.2999999523E+00,+112.5001907E-03
+149.7000E-06,+3.2374999523E+00,+3.2687499523E+00,+112.5001907E-03
+149.9000E-06,+3.2374999523E+00,+3.2687499523E+00,+112.5001907E-03
+150.1000E-06,+3.2687499523E+00,+1.5499999523E+00,+143.7501907E-03
+150.3000E-06,+3.2374999523E+00,-168.7500477E-03,+143.7501907E-03
+150.5000E-06,+3.2062499523E+00,-106.2500477E-03,+112.5001907E-03
+150.7000E-06,+3.2687499523E+00,-75.0000477E-03,+112.5001907E-03
+150.9000E-06,+3.2687499523E+00,-106.2500477E-03,+112.5001907E-03
+151.1000E-06,+3.2062499523E+00,-106.2500477E-03,+112.5001907E-03
+151.3000E-06,+3.2062499523E+00,-75.0000477E-03,+143.7501907E-03
+151.5000E-06,+3.2374999523E+00,-75.0000477E-03,+143.7501907E-03
+151.7000E-06,+3.2374999523E+00,-43.7500477E-03,+112.5001907E-03
+151.9000E-06,+3.2687499523E+00,-12.5000477E-03,+112.5001907E-03
+152.1000E-06,+3.2999999523E+00,-43.7500477E-03,+175.0001907E-03
+152.3000E-06,+3.2999999523E+00,-75.0000477E-03,+175.0001907E-03
+152.5000E-06,+3.2999999523E+00,-75.0000477E-03,+143.7501907E-03
+152.7000E-06,+3.2687499523E+00,-75.0000477E-03,+175.0001907E-03
+152.9000E-06,+3.2687499523E+00,-75.0000477E-03,+143.7501907E-03
+153.1000E-06,+3.2999999523E+00,-75.0000477E-03,+112.5001907E-03
+153.3000E-06,+3.2687499523E+00,-43.7500477E-03,+112.5001907E-03
+153.5000E-06,+3.2374999523E+00,-43.7500477E-03,+112.5001907E-03
+153.7000E-06,+3.2687499523E+00,-106.2500477E-03,+143.7501907E-03
+153.9000E-06,+3.2999999523E+00,-106.2500477E-03,+143.7501907E-03
+154.1000E-06,+3.2687499523E+00,-43.7500477E-03,+112.5001907E-03
+154.3000E-06,+3.2687499523E+00,-43.7500477E-03,+112.5001907E-03
+154.5000E-06,+3.2999999523E+00,-106.2500477E-03,+112.5001907E-03
+154.7000E-06,+3.2999999523E+00,-106.2500477E-03,+112.5001907E-03
+154.9000E-06,+3.2687499523E+00,-75.0000477E-03,+112.5001907E-03
+155.1000E-06,+3.2374999523E+00,+1.6749999524E+00,+143.7501907E-03
+155.3000E-06,+3.2062499523E+00,+3.3937499523E+00,+112.5001907E-03
+155.5000E-06,+3.1749999523E+00,+3.3624999523E+00,+81.2501907E-03
+155.7000E-06,+3.2062499523E+00,+3.3624999523E+00,+143.7501907E-03
+155.9000E-06,+3.2374999523E+00,+3.3624999523E+00,+143.7501907E-03
+156.1000E-06,+3.2374999523E+00,+3.3312499523E+00,+143.7501907E-03
+156.3000E-06,+3.2374999523E+00,+3.3312499523E+00,+143.7501907E-03
+156.5000E-06,+3.2374999523E+00,+3.3624999523E+00,+143.7501907E-03
+156.7000E-06,+3.2374999523E+00,+3.3624999523E+00,+143.7501907E-03
+156.9000E-06,+3.2374999523E+00,+3.3312499523E+00,+143.7501907E-03
+157.1000E-06,+3.2374999523E+00,+3.2999999523E+00,+175.0001907E-03
+157.3000E-06,+3.2374999523E+00,+3.2999999523E+00,+143.7501907E-03
+157.5000E-06,+3.2374999523E+00,+3.2999999523E+00,+143.7501907E-03
+157.7000E-06,+3.2374999523E+00,+3.3312499523E+00,+143.7501907E-03
+157.9000E-06,+3.2687499523E+00,+3.3624999523E+00,+143.7501907E-03
+158.1000E-06,+3.2374999523E+00,+3.3312499523E+00,+143.7501907E-03
+158.3000E-06,+3.2062499523E+00,+3.3312499523E+00,+112.5001907E-03
+158.5000E-06,+3.2374999523E+00,+3.3312499523E+00,+143.7501907E-03
+158.7000E-06,+3.2062499523E+00,+3.2999999523E+00,+143.7501907E-03
+158.9000E-06,+3.2062499523E+00,+3.2999999523E+00,+112.5001907E-03
+159.1000E-06,+3.2374999523E+00,+3.2999999523E+00,+143.7501907E-03
+159.3000E-06,+3.2687499523E+00,+3.3312499523E+00,+143.7501907E-03
+159.5000E-06,+3.2999999523E+00,+3.3312499523E+00,+112.5001907E-03
+159.7000E-06,+3.2687499523E+00,+3.3312499523E+00,+112.5001907E-03
+159.9000E-06,+3.2374999523E+00,+3.3312499523E+00,+112.5001907E-03
+160.1000E-06,+1.5499999523E+00,+1.6124999523E+00,+112.5001907E-03
+160.3000E-06,-137.5000477E-03,-75.0000477E-03,+112.5001907E-03
+160.5000E-06,-106.2500477E-03,-106.2500477E-03,+143.7501907E-03
+160.7000E-06,-106.2500477E-03,-106.2500477E-03,+143.7501907E-03
+160.9000E-06,-106.2500477E-03,-106.2500477E-03,+112.5001907E-03
+161.1000E-06,-75.0000477E-03,-106.2500477E-03,+143.7501907E-03
+161.3000E-06,-75.0000477E-03,-106.2500477E-03,+143.7501907E-03
+161.5000E-06,-75.0000477E-03,-106.2500477E-03,+112.5001907E-03
+161.7000E-06,-75.0000477E-03,-75.0000477E-03,+112.5001907E-03
+161.9000E-06,-43.7500477E-03,-106.2500477E-03,+112.5001907E-03
+162.1000E-06,-12.5000477E-03,-75.0000477E-03,+112.5001907E-03
+162.3000E-06,-43.7500477E-03,-75.0000477E-03,+112.5001907E-03
+162.5000E-06,-43.7500477E-03,-106.2500477E-03,+112.5001907E-03
+162.7000E-06,-43.7500477E-03,-43.7500477E-03,+112.5001907E-03
+162.9000E-06,-75.0000477E-03,-43.7500477E-03,+112.5001907E-03
+163.1000E-06,-75.0000477E-03,-75.0000477E-03,+112.5001907E-03
+163.3000E-06,-106.2500477E-03,-75.0000477E-03,+143.7501907E-03
+163.5000E-06,-137.5000477E-03,-75.0000477E-03,+143.7501907E-03
+163.7000E-06,-106.2500477E-03,-75.0000477E-03,+112.5001907E-03
+163.9000E-06,-106.2500477E-03,-75.0000477E-03,+112.5001907E-03
+164.1000E-06,-137.5000477E-03,-75.0000477E-03,+112.5001907E-03
+164.3000E-06,-106.2500477E-03,-43.7500477E-03,+112.5001907E-03
+164.5000E-06,-75.0000477E-03,-12.5000477E-03,+112.5001907E-03
+164.7000E-06,-75.0000477E-03,-12.5000477E-03,+112.5001907E-03
+164.9000E-06,-75.0000477E-03,-12.5000477E-03,+112.5001907E-03
+165.1000E-06,-75.0000477E-03,+1.6749999524E+00,+112.5001907E-03
+165.3000E-06,-43.7500477E-03,+3.3624999523E+00,+112.5001907E-03
+165.5000E-06,-43.7500477E-03,+3.3624999523E+00,+112.5001907E-03
+165.7000E-06,-75.0000477E-03,+3.3624999523E+00,+143.7501907E-03
+165.9000E-06,-43.7500477E-03,+3.3937499523E+00,+143.7501907E-03
+166.1000E-06,-43.7500477E-03,+3.3937499523E+00,+112.5001907E-03
+166.3000E-06,-75.0000477E-03,+3.3624999523E+00,+112.5001907E-03
+166.5000E-06,-75.0000477E-03,+3.3312499523E+00,+112.5001907E-03
+166.7000E-06,-75.0000477E-03,+3.2999999523E+00,+112.5001907E-03
+166.9000E-06,-106.2500477E-03,+3.3312499523E+00,+112.5001907E-03
+167.1000E-06,-137.5000477E-03,+3.3624999523E+00,+112.5001907E-03
+167.3000E-06,-75.0000477E-03,+3.3624999523E+00,+112.5001907E-03
+167.5000E-06,-43.7500477E-03,+3.3312499523E+00,+112.5001907E-03
+167.7000E-06,-75.0000477E-03,+3.3312499523E+00,+112.5001907E-03
+167.9000E-06,-75.0000477E-03,+3.3624999523E+00,+112.5001907E-03
+168.1000E-06,-75.0000477E-03,+3.3312499523E+00,+112.5001907E-03
+168.3000E-06,-43.7500477E-03,+3.2999999523E+00,+112.5001907E-03
+168.5000E-06,-12.5000477E-03,+3.2999999523E+00,+112.5001907E-03
+168.7000E-06,-43.7500477E-03,+3.2687499523E+00,+112.5001907E-03
+168.9000E-06,-75.0000477E-03,+3.2999999523E+00,+112.5001907E-03
+169.1000E-06,-75.0000477E-03,+3.3312499523E+00,+143.7501907E-03
+169.3000E-06,-75.0000477E-03,+3.3312499523E+00,+143.7501907E-03
+169.5000E-06,-43.7500477E-03,+3.3312499523E+00,+112.5001907E-03
+169.7000E-06,-43.7500477E-03,+3.2999999523E+00,+112.5001907E-03
+169.9000E-06,-75.0000477E-03,+3.3312499523E+00,+112.5001907E-03
+170.1000E-06,-75.0000477E-03,+1.6124999523E+00,+143.7501907E-03
+170.3000E-06,-43.7500477E-03,-137.5000477E-03,+143.7501907E-03
+170.5000E-06,-43.7500477E-03,-137.5000477E-03,+112.5001907E-03
+170.7000E-06,-75.0000477E-03,-106.2500477E-03,+112.5001907E-03
+170.9000E-06,-43.7500477E-03,-106.2500477E-03,+112.5001907E-03
+171.1000E-06,-12.5000477E-03,-75.0000477E-03,+112.5001907E-03
+171.3000E-06,-12.5000477E-03,-75.0000477E-03,+112.5001907E-03
+171.5000E-06,-43.7500477E-03,-106.2500477E-03,+112.5001907E-03
+171.7000E-06,-75.0000477E-03,-75.0000477E-03,+112.5001907E-03
+171.9000E-06,-43.7500477E-03,-43.7500477E-03,+112.5001907E-03
+172.1000E-06,-12.5000477E-03,-75.0000477E-03,+112.5001907E-03
+172.3000E-06,-43.7500477E-03,-106.2500477E-03,+143.7501907E-03
+172.5000E-06,-43.7500477E-03,-43.7500477E-03,+143.7501907E-03
+172.7000E-06,-43.7500477E-03,-43.7500477E-03,+112.5001907E-03
+172.9000E-06,-43.7500477E-03,-75.0000477E-03,+112.5001907E-03
+173.1000E-06,-43.7500477E-03,-75.0000477E-03,+112.5001907E-03
+173.3000E-06,-43.7500477E-03,-75.0000477E-03,+112.5001907E-03
+173.5000E-06,-43.7500477E-03,-75.0000477E-03,+112.5001907E-03
+173.7000E-06,-75.0000477E-03,-43.7500477E-03,+112.5001907E-03
+173.9000E-06,-43.7500477E-03,-43.7500477E-03,+112.5001907E-03
+174.1000E-06,-12.5000477E-03,-43.7500477E-03,+143.7501907E-03
+174.3000E-06,-43.7500477E-03,-43.7500477E-03,+143.7501907E-03
+174.5000E-06,-75.0000477E-03,-43.7500477E-03,+112.5001907E-03
+174.7000E-06,-75.0000477E-03,-43.7500477E-03,+112.5001907E-03
+174.9000E-06,-75.0000477E-03,-75.0000477E-03,+112.5001907E-03
+175.1000E-06,-75.0000477E-03,+1.6437499524E+00,+112.5001907E-03
+175.3000E-06,-75.0000477E-03,+3.3624999523E+00,+112.5001907E-03
+175.5000E-06,-43.7500477E-03,+3.3624999523E+00,+112.5001907E-03
+175.7000E-06,-12.5000477E-03,+3.3624999523E+00,+112.5001907E-03
+175.9000E-06,-12.5000477E-03,+3.3624999523E+00,+81.2501907E-03
+176.1000E-06,+18.7499523E-03,+3.3624999523E+00,+81.2501907E-03
+176.3000E-06,-12.5000477E-03,+3.3624999523E+00,+112.5001907E-03
+176.5000E-06,-75.0000477E-03,+3.3624999523E+00,+112.5001907E-03
+176.7000E-06,-75.0000477E-03,+3.3624999523E+00,+112.5001907E-03
+176.9000E-06,-43.7500477E-03,+3.3312499523E+00,+143.7501907E-03
+177.1000E-06,-43.7500477E-03,+3.3312499523E+00,+143.7501907E-03
+177.3000E-06,-75.0000477E-03,+3.3624999523E+00,+112.5001907E-03
+177.5000E-06,-75.0000477E-03,+3.3312499523E+00,+112.5001907E-03
+177.7000E-06,-75.0000477E-03,+3.2999999523E+00,+112.5001907E-03
+177.9000E-06,-43.7500477E-03,+3.2999999523E+00,+112.5001907E-03
+178.1000E-06,-43.7500477E-03,+3.3312499523E+00,+143.7501907E-03
+178.3000E-06,-12.5000477E-03,+3.3312499523E+00,+143.7501907E-03
+178.5000E-06,+18.7499523E-03,+3.3312499523E+00,+112.5001907E-03
+178.7000E-06,-12.5000477E-03,+3.3624999523E+00,+112.5001907E-03
+178.9000E-06,-12.5000477E-03,+3.3624999523E+00,+143.7501907E-03
+179.1000E-06,-43.7500477E-03,+3.2999999523E+00,+143.7501907E-03
+179.3000E-06,-75.0000477E-03,+3.2687499523E+00,+143.7501907E-03
+179.5000E-06,-43.7500477E-03,+3.2999999523E+00,+143.7501907E-03
+179.7000E-06,-12.5000477E-03,+3.2999999523E+00,+112.5001907E-03
+179.9000E-06,+18.7499523E-03,+3.2999999523E+00,+112.5001907E-03
+180.1000E-06,+49.9999523E-03,+1.5812499523E+00,+112.5001907E-03
+180.3000E-06,+18.7499523E-03,-137.5000477E-03,+112.5001907E-03
